Workbook

Sheet Cover
A1: CAMPAIGN CONFIGURATION WORKBOOK
A2: Propositions, treatments, eligibility controls, channel metadata, and reporting mappings.
A4: SHEET | B4: PURPOSE
A5: Proposition | B5: Master offer and business configuration.
A6: Treatment | B6: Channel treatments and creative content mapped to offers.
A7: Suppression Rule | B7: Customer eligibility exclusions.
A8: Contact Policy | B8: Cross-channel communication limits.
A9: Contact Rule | B9: Detailed rules implementing contact policies.
A10: Control Group | B10: Experiment holdout definitions.
A11: Frequency | B11: Recurring and triggered execution cadences.
A12: Volume Constraint | B12: Operational channel capacities.
A13: Email Metadata | B13: Email delivery configuration.
A14: SMS Metadata | B14: SMS delivery configuration.
A15: Letter Metadata | B15: Letter fulfilment configuration.
... A19: Reporting Table | B19: Offer-level catalogue of daily channel metrics and report definitions.

Sheet Proposition
A1: Business_Issue | B1: Business_Group | C1: Offer_Identifier | D1: Offer_Name | E1: Is_Active | F1: Start_Date | G1: End_Date | H1: Cost | I1: Suppresion_Rule | J1: Contact_Policy | K1: Control_Group | L1: Frequency | M1: Volume_Constraint | N1: Category
A2: Retention | B2: Mobile | C2: Winback_10 | D2: Winback Discount 10P | E2: TRUE | F2: 46266 | I2: SR001 | J2: CP001 | L2: Daily | N2: Marketing
A3: Prevention | B3: Fixed | C3: Retention_5 | D3: Prolongation Discount 5P | E3: TRUE | F3: 46266 | I3: SR002 | J3: CP001 | K3: CG001 | L3: Daily | N3: Marketing
A4: CrossSell | B4: Mobile | C4: RED_1000 | D4: Giga Connection Wireline | E4: TRUE | F4: 46266 | I4: SR002 | J4: CP001 | K4: CG001 | L4: Daily | N4: Marketing
A5: UpSell | B5: Mobile | C5: BroadMax_1000 | D5: Bundle Offer with 1GBPS | E5: TRUE | F5: 46266 | I5: SR002 | J5: CP001 | K5: CG001 | L5: Daily | N5: Marketing
A6: Service | B6: All | C6: Emergency_001 | D6: Fake URL Alert | E6: TRUE | F6: 46266 | I6: SR003 | L6: Adhoc | N6: Service

Sheet Treatment
A4: Treatment_Name | B4: Treatment_Description | C4: Channel | D4: Direction | E4: Placement | F4: Language | G4: Image_URL | H4: Click_Through_URL | I4: Subject_Line | J4: Message_Body | K4: Cost | L4: Format | M4: Offer_Identifier
A5: Retention_Dialer_01 | B5: Retention Dialer Treatment | C5: Dialer | D5: Outbound | F5: EN | K5: 1 | L5: Text | M5: Winback_10
A6: Prevention_Email_01 | B6: Prevention Email Treatment | C6: Email | D6: Outbound | F6: EN | H6: https://xyz.com | I6: Be with Vodafone | J6: We are pleased to offer you an amazing offer on your prolongation | K6: 0.25 | L6: Text | M6: Retention_5
A7: CrossSell_Email_01 | B7: CrossSell Email Treatment | C7: Email | D7: Outbound | F7: EN | H7: https://xyz.com | I7: Why not try out internet | J7: You have been surfing the web on the mobile, why not try our fixed internet | K7: 0.25 | L7: Text | M7: RED_1000
A8: UpSell_Letter_01 | B8: Upsell Letter Treatment | C8: Letter | D8: Outbound | F8: EN | K8: 0.5 | L8: Text | M8: BroadMax_1000
A9: Emergency_TR_01 | B9: Fake URL SMS | C9: SMS | D9: Outbound | F9: EN | J9: Please be aware of pishing URLs | K9: 0.01 | L9: Text | M9: Emergency_001

Sheet Suppression Rule
A1: SUPPRESSION RULES
A2: Eligibility exclusions referenced by active propositions.
A4: Rule_ID | B4: Rule_Name | C4: Description | D4: Scope | E4: Condition | F4: Lookback_Days | G4: Is_Active
A5: SR001 | B5: Retention exclusions | C5: Suppress customers with an active do-not-contact status or an unresolved complaint. | D5: Retention | E5: DNC = TRUE OR Open_Complaint = TRUE | F5: 30 | G5: TRUE
A6: SR002 | B6: Marketing contact exclusions | C6: Suppress customers who opted out or received a marketing contact within the lookback period. | D6: Marketing | E6: Marketing_Opt_Out = TRUE OR Recent_Marketing_Contact = TRUE | F6: 7 | G6: TRUE
A7: SR003 | B7: Emergency delivery exclusions | C7: Suppress only records without a valid reachable destination. | D7: Service | E7: Valid_Destination = FALSE | F7: 0 | G7: TRUE

Sheet Contact Policy
A1: CONTACT POLICIES
A2: Cross-channel communication limits referenced by propositions.
A4: Policy_ID | B4: Policy_Name | C4: Description | D4: Max_Contacts | E4: Period_Days | F4: Applies_To | G4: Priority_Behavior | H4: Is_Active
A5: CP001 | B5: Standard marketing policy | C5: Limits total outbound marketing pressure across email, letter, and dialer channels. | D5: 3 | E5: 7 | F5: Marketing | G5: Highest priority eligible treatment wins | H5: TRUE

Sheet Contact Rule
A1: CONTACT RULES
A2: Channel-level rules that implement each contact policy.
A4: Rule_ID | B4: Policy_ID | C4: Channel | D4: Max_Contacts | E4: Period_Days | F4: Cooldown_Hours | G4: Rule_Description | H4: Is_Active
A5: CR001 | B5: CP001 | C5: Email | D5: 2 | E5: 7 | F5: 24 | G5: No more than two marketing emails in seven days and at least 24 hours between sends. | H5: TRUE
A6: CR002 | B6: CP001 | C6: Dialer | D6: 1 | E6: 7 | F6: 72 | G6: No more than one marketing dialer attempt in seven days. | H6: TRUE
A7: CR003 | B7: CP001 | C7: Letter | D7: 1 | E7: 30 | F7: 0 | G7: No more than one marketing letter in thirty days. | H7: TRUE
A8: CR004 | B8: CP001 | C8: All | D8: 1 | E8: 1 | F8: 24 | G8: Allow at most one outbound marketing contact per day across channels. | H8: TRUE

Sheet Control Group
A1: CONTROL GROUPS
A2: Holdout definitions used to measure incremental campaign impact.
A4: Control_Group_ID | B4: Control_Group_Name | C4: Description | D4: Allocation_Percent | E4: Selection_Method | F4: Reassignment_Period_Days | G4: Is_Active
A5: CG001 | B5: Standard marketing holdout | C5: Randomly withholds eligible customers to estimate incremental treatment lift. | D5: 0.1 | E5: Random | F5: 30 | G5: TRUE

Sheet Frequency
A1: FREQUENCY DEFINITIONS
A2: Execution cadence values used by propositions.
A4: Frequency_ID | B4: Frequency_Name | C4: Description | D4: Interval_Unit | E4: Interval_Value | F4: Schedule_Type | G4: Is_Active
A5: FREQ_DAILY | B5: Daily | C5: Runs once each calendar day. | D5: Day | E5: 1 | F5: Recurring | G5: TRUE
A6: FREQ_ADHOC | B6: Adhoc | C6: Runs only when triggered by an approved service event. | D6: Event | E6: 1 | F6: Triggered | G6: TRUE

Sheet Volume Constraint
A1: VOLUME CONSTRAINTS
A2: Operational channel capacities available for campaign execution.
A4: Constraint_ID | B4: Constraint_Name | C4: Channel | D4: Max_Volume | E4: Period | F4: Description | G4: Is_Active
A5: VC_EMAIL_DAILY | B5: Email daily capacity | C5: Email | D5: 50000 | E5: Daily | F5: Maximum email treatments that may be sent per day. | G5: TRUE
A6: VC_SMS_DAILY | B6: SMS daily capacity | C6: SMS | D6: 100000 | E6: Daily | F6: Maximum SMS treatments that may be sent per day. | G6: TRUE
A7: VC_LETTER_DAILY | B7: Letter daily capacity | C7: Letter | D7: 5000 | E7: Daily | F7: Maximum letters that may be released to fulfilment per day. | G7: TRUE
A8: VC_DIALER_DAILY | B8: Dialer daily capacity | C8: Dialer | D8: 10000 | E8: Daily | F8: Maximum dialer records that may be loaded per day. | G8: TRUE

Sheet Email Metadata
A1: EMAIL METADATA
A2: Delivery settings for email treatments in the Treatment sheet.
A4: Treatment_Name | B4: Sender_Name | C4: Sender_Email | D4: Reply_To_Email | E4: Content_Type | F4: Track_Opens | G4: Track_Clicks | H4: Unsubscribe_Required | I4: Is_Active
A5: Prevention_Email_01 | B5: Vodafone | C5: offers@xyz.com | D5: support@xyz.com | E5: HTML | F5: TRUE | G5: TRUE | H5: TRUE | I5: TRUE
A6: CrossSell_Email_01 | B6: Vodafone | C6: offers@xyz.com | D6: support@xyz.com | E6: HTML | F6: TRUE | G6: TRUE | H6: TRUE | I6: TRUE

Sheet SMS Metadata
A1: SMS METADATA
A2: Delivery settings for SMS treatments in the Treatment sheet.
A4: Treatment_Name | B4: Sender_ID | C4: Message_Type | D4: Encoding | E4: Max_Segments | F4: Delivery_Receipt | G4: Opt_Out_Required | H4: Is_Active
A5: Emergency_TR_01 | B5: Vodafone | C5: Service | D5: GSM-7 | E5: 2 | F5: TRUE | G5: FALSE | H5: TRUE

Sheet Letter Metadata
A1: LETTER METADATA
A2: Fulfilment settings for letter treatments in the Treatment sheet.
A4: Treatment_Name | B4: Template_ID | C4: Paper_Size | D4: Color_Mode | E4: Duplex | F4: Envelope_Type | G4: Postage_Class | H4: Is_Active
A5: UpSell_Letter_01 | B5: LTR_UPSELL_01 | C5: A4 | D5: Color | E5: TRUE | F5: C5 Window | G5: Standard | H5: TRUE

Sheet Dialer Metadata
A1: DIALER METADATA
A2: Outbound calling settings for dialer treatments in the Treatment sheet.
A4: Treatment_Name | B4: Dialer_Queue | C4: Script_ID | D4: Max_Attempts | E4: Retry_Interval_Hours | F4: Calling_Window | G4: Record_Calls | H4: Is_Active
A5: Retention_Dialer_01 | B5: Retention | C5: SCR_RET_01 | D5: 3 | E5: 24 | F5: 09:00-18:00 | G5: TRUE | H5: TRUE

Sheet Response Table
A1: RESPONSE DEFINITIONS
A2: Standard success and non-success events for every configured treatment.
A4: Response_Code | B4: Treatment_Name | C4: Channel | D4: Response_Name | E4: Is_Positive | F4: Attribution_Window_Days | G4: Is_Terminal
A5: RSP_RET_SUCCESS | B5: Retention_Dialer_01 | C5: Dialer | D5: Offer accepted | E5: TRUE | F5: 7 | G5: TRUE
A6: RSP_RET_NORESP | B6: Retention_Dialer_01 | C6: Dialer | D6: No answer | E6: FALSE | F6: 7 | G6: FALSE
A7: RSP_PREV_SUCCESS | B7: Prevention_Email_01 | C7: Email | D7: Prolongation completed | E7: TRUE | F7: 14 | G7: TRUE
A8: RSP_PREV_NORESP | B8: Prevention_Email_01 | C8: Email | D8: No response | E8: FALSE | F8: 14 | G8: FALSE
A9: RSP_CROSS_SUCCESS | B9: CrossSell_Email_01 | C9: Email | D9: Fixed internet ordered | E9: TRUE | F9: 14 | G9: TRUE
A10: RSP_CROSS_NORESP | B10: CrossSell_Email_01 | C10: Email | D10: No response | E10: FALSE | F10: 14 | G10: FALSE
A11: RSP_UPSELL_SUCCESS | B11: UpSell_Letter_01 | C11: Letter | D11: Bundle ordered | E11: TRUE | F11: 30 | G11: TRUE
A12: RSP_UPSELL_NORESP | B12: UpSell_Letter_01 | C12: Letter | D12: No response | E12: FALSE | F12: 30 | G12: FALSE
A13: RSP_EMERG_DELIVERED | B13: Emergency_TR_01 | C13: SMS | D13: Alert delivered | E13: TRUE | F13: 1 | G13: TRUE
A14: RSP_EMERG_FAILED | B14: Emergency_TR_01 | C14: SMS | D14: Delivery failed | E14: FALSE | F14: 1 | G14: TRUE

Sheet Prioritization Table
A1: TREATMENT PRIORITIZATION
A2: Lower rank values execute first when multiple treatments are eligible.
A4: Priority_Rank | B4: Offer_Identifier | C4: Treatment_Name | D4: Business_Issue | E4: Priority_Reason | F4: Tie_Breaker | G4: Is_Active
A5: 1 | B5: Emergency_001 | C5: Emergency_TR_01 | D5: Service | E5: Customer safety messages override commercial communications. | F5: Earliest event time | G5: TRUE
A6: 2 | B6: Winback_10 | C6: Retention_Dialer_01 | D6: Retention | E6: Retention risk takes precedence over growth offers. | F6: Highest churn risk | G6: TRUE
A7: 3 | B7: Retention_5 | C7: Prevention_Email_01 | D7: Prevention | E7: Preventive renewal activity precedes cross-sell and up-sell. | F7: Nearest contract end date | G7: TRUE
A8: 4 | B8: BroadMax_1000 | C8: UpSell_Letter_01 | D8: UpSell | E8: Existing-customer bundle expansion ranks above cross-sell. | F8: Highest expected value | G8: TRUE
A9: 5 | B9: RED_1000 | C9: CrossSell_Email_01 | D9: CrossSell | E9: Cross-sell runs after higher urgency eligible treatments. | F9: Highest expected value | G9: TRUE

Sheet Reporting Table
A1: OFFER REPORT CATALOGUE
A2: Daily channel-report definitions for every offer; this catalogue specifies what to calculate when event data is available.
A4: Report_ID | B4: Offer_Identifier | C4: Treatment_Name | D4: Channel | E4: Report_Frequency | F4: Report_Metric | G4: Metric_Definition | H4: Calculation_Spec | I4: Is_Active
A5: RPT001 | B5: Winback_10 | C5: =INDEX(Treatment!$A$5:$A$9,MATCH(B5,Treatment!$M$5:$M$9,0)) -> Retention_Dialer_01 | D5: =INDEX(Treatment!$C$5:$C$9,MATCH(C5,Treatment!$A$5:$A$9,0)) -> Dialer | E5: Daily | F5: Contacts Attempted | G5: Count of outbound dialer attempts initiated. | H5: COUNT of Dialer attempt using Attempt timestamp; break down by Date, offer, treatment, channel. | I5: TRUE
A6: RPT002 | B6: Winback_10 | C6: =INDEX(Treatment!$A$5:$A$9,MATCH(B6,Treatment!$M$5:$M$9,0)) -> Retention_Dialer_01 | D6: =INDEX(Treatment!$C$5:$C$9,MATCH(C6,Treatment!$A$5:$A$9,0)) -> Dialer | E6: Daily | F6: Calls Connected | G6: Count of attempts connected to the intended customer. | H6: COUNT of Connected call using Connection timestamp; break down by Date, offer, treatment, channel. | I6: TRUE
A7: RPT003 | B7: Winback_10 | C7: =INDEX(Treatment!$A$5:$A$9,MATCH(B7,Treatment!$M$5:$M$9,0)) -> Retention_Dialer_01 | D7: =INDEX(Treatment!$C$5:$C$9,MATCH(C7,Treatment!$A$5:$A$9,0)) -> Dialer | E7: Daily | F7: Responses | G7: Count of recorded customer responses following a connected call. | H7: COUNT of Response recorded using Response timestamp; break down by Date, offer, treatment, response. | I7: TRUE
A8: RPT004 | B8: Winback_10 | C8: =INDEX(Treatment!$A$5:$A$9,MATCH(B8,Treatment!$M$5:$M$9,0)) -> Retention_Dialer_01 | D8: =INDEX(Treatment!$C$5:$C$9,MATCH(C8,Treatment!$A$5:$A$9,0)) -> Dialer | E8: Daily | F8: Conversions | G8: Count of customers who accepted the winback offer within 7 days. | H8: COUNT DISTINCT of Offer accepted using Conversion timestamp; break down by Date, offer, treatment. | I8: TRUE
A9: RPT005 | B9: Winback_10 | C9: =INDEX(Treatment!$A$5:$A$9,MATCH(B9,Treatment!$M$5:$M$9,0)) -> Retention_Dialer_01 | D9: =INDEX(Treatment!$C$5:$C$9,MATCH(C9,Treatment!$A$5:$A$9,0)) -> Dialer | E9: Daily | F9: Failed or No Answer | G9: Count of attempts resulting in failure, busy, or no answer. | H9: COUNT of Failed/no-answer call using Attempt timestamp; break down by Date, offer, treatment, failure reason. | I9: TRUE
A10: RPT006 | B10: Winback_10 | C10: =INDEX(Treatment!$A$5:$A$9,MATCH(B10,Treatment!$M$5:$M$9,0)) -> Retention_Dialer_01 | D10: =INDEX(Treatment!$C$5:$C$9,MATCH(C10,Treatment!$A$5:$A$9,0)) -> Dialer | E10: Daily | F10: Opt-outs | G10: Count of customers requesting no further marketing contact. | H10: COUNT DISTINCT of Opt-out recorded using Opt-out timestamp; break down by Date, offer, treatment. | I10: TRUE
A11: RPT007 | B11: Winback_10 | C11: =INDEX(Treatment!$A$5:$A$9,MATCH(B11,Treatment!$M$5:$M$9,0)) -> Retention_Dialer_01 | D11: =INDEX(Treatment!$C$5:$C$9,MATCH(C11,Treatment!$A$5:$A$9,0)) -> Dialer | E11: Daily | F11: Treatment Cost | G11: Total dialer treatment cost for attempted contacts. | H11: SUM of Dialer attempt using Attempt timestamp; break down by Date, offer, treatment, channel. | I11: TRUE
A12: RPT008 | B12: Retention_5 | C12: =INDEX(Treatment!$A$5:$A$9,MATCH(B12,Treatment!$M$5:$M$9,0)) -> Prevention_Email_01 | D12: =INDEX(Treatment!$C$5:$C$9,MATCH(C12,Treatment!$A$5:$A$9,0)) -> Email | E12: Daily | F12: Emails Sent | G12: Count of prevention emails submitted for delivery. | H12: COUNT of Email sent using Send timestamp; break down by Date, offer, treatment, channel. | I12: TRUE
A13: RPT009 | B13: Retention_5 | C13: =INDEX(Treatment!$A$5:$A$9,MATCH(B13,Treatment!$M$5:$M$9,0)) -> Prevention_Email_01 | D13: =INDEX(Treatment!$C$5:$C$9,MATCH(C13,Treatment!$A$5:$A$9,0)) -> Email | E13: Daily | F13: Emails Delivered | G13: Count of emails accepted by the recipient mail server. | H13: COUNT of Email delivered using Delivery timestamp; break down by Date, offer, treatment, channel. | I13: TRUE
A14: RPT010 | B14: Retention_5 | C14: =INDEX(Treatment!$A$5:$A$9,MATCH(B14,Treatment!$M$5:$M$9,0)) -> Prevention_Email_01 | D14: =INDEX(Treatment!$C$5:$C$9,MATCH(C14,Treatment!$A$5:$A$9,0)) -> Email | E14: Daily | F14: Unique Opens | G14: Distinct recipients who opened the email. | H14: COUNT DISTINCT of Email opened using Open timestamp; break down by Date, offer, treatment. | I14: TRUE
A15: RPT011 | B15: Retention_5 | C15: =INDEX(Treatment!$A$5:$A$9,MATCH(B15,Treatment!$M$5:$M$9,0)) -> Prevention_Email_01 | D15: =INDEX(Treatment!$C$5:$C$9,MATCH(C15,Treatment!$A$5:$A$9,0)) -> Email | E15: Daily | F15: Unique Clicks | G15: Distinct recipients who clicked a tracked link. | H15: COUNT DISTINCT of Email clicked using Click timestamp; break down by Date, offer, treatment. | I15: TRUE
A16: RPT012 | B16: Retention_5 | C16: =INDEX(Treatment!$A$5:$A$9,MATCH(B16,Treatment!$M$5:$M$9,0)) -> Prevention_Email_01 | D16: =INDEX(Treatment!$C$5:$C$9,MATCH(C16,Treatment!$A$5:$A$9,0)) -> Email | E16: Daily | F16: Responses | G16: Count of attributed customer responses. | H16: COUNT of Response recorded using Response timestamp; break down by Date, offer, treatment, response. | I16: TRUE
... A43: RPT039 | B43: Emergency_001 | C43: =INDEX(Treatment!$A$5:$A$9,MATCH(B43,Treatment!$M$5:$M$9,0)) -> Emergency_TR_01 | D43: =INDEX(Treatment!$C$5:$C$9,MATCH(C43,Treatment!$A$5:$A$9,0)) -> SMS | E43: Daily | F43: Treatment Cost | G43: Total SMS treatment cost for sent messages. | H43: SUM of SMS sent using Send timestamp; break down by Date, offer, treatment, channel. | I43: TRUE
